<?xml version="1.0" encoding="UTF-8"?>
<project-private xmlns="http://www.netbeans.org/ns/project-private/1">
    <editor-bookmarks xmlns="http://www.netbeans.org/ns/editor-bookmarks/2" lastBookmarkId="0"/>
    <open-files xmlns="http://www.netbeans.org/ns/projectui-open-files/2">
        <group>
            <file>file:/T:/Parcial_Prog3/Pregunta1_20223006/src/Dominio/Conductor.java</file>
            <file>file:/T:/Parcial_Prog3/Pregunta1_20223006/src/Strategy/Estrategia.java</file>
            <file>file:/T:/Parcial_Prog3/Pregunta1_20223006/src/Strategy/Contexto.java</file>
            <file>file:/T:/Parcial_Prog3/Pregunta1_20223006/src/Strategy/Estrategia1.java</file>
            <file>file:/T:/Parcial_Prog3/Pregunta1_20223006/src/pregunta1_20223006/Pregunta1_20223006.java</file>
        </group>
    </open-files>
</project-private>
