{
  "placa": "RST-890",
  "velocidad": 68.6,
  "limite": 50.0,
  "exceso": 18.599999999999994,
  "marcaVehiculo": "Toyota",
  "modeloVehiculo": "Hilux",
  "anhoVehiculo": 2022,
  "dniPropietario": "93344556",
  "nombresPropietario": "Diego",
  "apellidosPropietario": "Suárez Campos",
  "direccionPropietario": "Av. Colonial 3200, Callao",
  "modeloCamara": "Hikvision",
  "codigoSerieCamara": "CAM-LIM-001",
  "latitud": -12045678,
  "longitud": -77034567,
  "monto": 950.0,
  "fechaCaptura": 1760535613940,
  "fechaRegistro": 1760535613940
}