{
  "placa": "ZAB-567",
  "velocidad": 57.9,
  "limite": 50.0,
  "exceso": 7.899999999999999,
  "marcaVehiculo": "Toyota",
  "modeloVehiculo": "Fortuner",
  "anhoVehiculo": 2021,
  "dniPropietario": "99012345",
  "nombresPropietario": "Sofía",
  "apellidosPropietario": "Mendoza Chávez",
  "direccionPropietario": "Calle Bolognesi 200, Miraflores",
  "modeloCamara": "Dahua",
  "codigoSerieCamara": "CAM-LIM-002",
  "latitud": -12049876,
  "longitud": -77038901,
  "monto": 950.0,
  "fechaCaptura": 1760535613940,
  "fechaRegistro": 1760535613940
}